strategy,decision_date,execution_date,ticker,ETF_id,name,open,close,prev_qty,target_qty,delta_qty,side,prev_value_open,target_value_open,delta_value_open,trade_turnover_value,day_turnover_value,commission_allocated,day_commission,nav_open_pre,nav_open_post,nav_close,daily_return,stock_ratio,cash_weight,target_sleeve_weight,target_portfolio_weight,prev_portfolio_weight_open,actual_portfolio_weight_open,cash_after_rebalance,rebalanced
A2,2026-03-31,2026-04-01,117460,ETF_001,KODEX 에너지화학,15037.0,15042.0,0.0,1579.0,1579.0,BUY,0.0,23743423.0,23743423.0,23743423.0,94931519.0,3561.51345,14239.72785,100000000.0,99985760.27215,101837128.27215,0.0183712827214999,0.95,0.05,0.25,0.2375,0.0,0.2374680448033107,5054241.272149995,True
A2,2026-03-31,2026-04-01,139260,ETF_003,TIGER 200 IT,77999.0,80021.0,0.0,304.0,304.0,BUY,0.0,23711696.0,23711696.0,23711696.0,94931519.0,3556.7544,14239.72785,100000000.0,99985760.27215,101837128.27215,0.0183712827214999,0.95,0.05,0.25,0.2375,0.0,0.2371507296184919,5054241.272149995,True
A2,2026-03-31,2026-04-01,227550,ETF_005,TIGER 200 산업재,13416.0,13848.0,0.0,1770.0,1770.0,BUY,0.0,23746320.0,23746320.0,23746320.0,94931519.0,3561.9479999999994,14239.72785,100000000.0,99985760.27215,101837128.27215,0.0183712827214999,0.95,0.05,0.25,0.2375,0.0,0.2374970189291473,5054241.272149995,True
A2,2026-03-31,2026-04-01,266420,ETF_008,KODEX 헬스케어,22240.0,22675.0,0.0,1067.0,1067.0,BUY,0.0,23730080.0,23730080.0,23730080.0,94931519.0,3559.512,14239.72785,100000000.0,99985760.27215,101837128.27215,0.0183712827214999,0.95,0.05,0.25,0.2375,0.0,0.2373345958005359,5054241.272149995,True
A2,2026-04-01,2026-04-02,117460,ETF_001,KODEX 에너지화학,15177.0,14508.0,1579.0,1581.0,2.0,BUY,23964483.0,23994837.0,30354.0,30354.0,442606.0,4.5531,66.39089999999999,102951290.27215,102951223.88125,98237943.88125,-0.0353425558238594,0.95,0.05,0.2454082404051451,0.2331378283848879,0.2327749650990317,0.2330699538616176,5253592.881249994,True
A2,2026-04-01,2026-04-02,139260,ETF_003,TIGER 200 IT,80904.0,76098.0,304.0,303.0,-1.0,SELL,24594816.0,24513912.0,-80904.0,80904.0,442606.0,12.135599999999997,66.39089999999999,102951290.27215,102951223.88125,98237943.88125,-0.0353425558238594,0.95,0.05,0.2513500553047151,0.2387825525394794,0.2388975984175042,0.238111904607135,5253592.881249994,True
A2,2026-04-01,2026-04-02,227550,ETF_005,TIGER 200 산업재,14124.0,13853.0,1770.0,1753.0,-17.0,SELL,24999480.0,24759372.0,-240108.0,240108.0,442606.0,36.0162,66.39089999999999,102951290.27215,102951223.88125,98237943.88125,-0.0353425558238594,0.95,0.05,0.2532571693175468,0.2405943108516694,0.2428282339533025,0.2404961404689945,5253592.881249994,True
A2,2026-04-01,2026-04-02,266420,ETF_008,KODEX 헬스케어,22810.0,21200.0,1067.0,1071.0,4.0,BUY,24338270.0,24429510.0,91240.0,91240.0,442606.0,13.685999999999998,66.39089999999999,102951290.27215,102951223.88125,98237943.88125,-0.0353425558238594,0.95,0.05,0.2499845349725928,0.2374853082239631,0.2364056821013335,0.2372920794820121,5253592.881249994,True
A2,2026-04-02,2026-04-03,117460,ETF_001,KODEX 에너지화학,14807.0,14902.0,1581.0,1585.0,4.0,BUY,23409867.0,23469095.0,59228.0,59228.0,535754.0,8.884199999999998,80.36309999999999,100168288.88125,100168208.51815,100030122.51815,0.0182432425404421,0.95,0.05,0.2466775081325243,0.2343436327258981,0.2337053698476622,0.2342968427527334,5031214.518149987,True
A2,2026-04-02,2026-04-03,139260,ETF_003,TIGER 200 IT,78364.0,78568.0,303.0,301.0,-2.0,SELL,23744292.0,23587564.0,-156728.0,156728.0,535754.0,23.5092,80.36309999999999,100168288.88125,100168208.51815,100030122.51815,0.0182432425404421,0.95,0.05,0.2479739198265738,0.2355752238352451,0.2370440013021384,0.2354795433495853,5031214.518149987,True
A2,2026-04-02,2026-04-03,227550,ETF_005,TIGER 200 산업재,14079.0,14070.0,1753.0,1765.0,12.0,BUY,24680487.0,24849435.0,168948.0,168948.0,535754.0,25.342199999999995,80.36309999999999,100168288.88125,100168208.51815,100030122.51815,0.0182432425404421,0.95,0.05,0.2611655481684224,0.2481072707600013,0.2463902226507916,0.2480770632480404,5031214.518149987,True
A2,2026-04-02,2026-04-03,266420,ETF_008,KODEX 헬스케어,21550.0,21240.0,1071.0,1078.0,7.0,BUY,23080050.0,23230900.0,150850.0,150850.0,535754.0,22.6275,80.36309999999999,100168288.88125,100168208.51815,100030122.51815,0.0182432425404421,0.95,0.05,0.2441830238724793,0.2319738726788554,0.2304127409759541,0.2319188926673344,5031214.518149987,True
A2,2026-04-03,2026-04-06,117460,ETF_001,KODEX 에너지화학,14982.0,15167.0,1585.0,1582.0,-3.0,SELL,23746470.0,23701524.0,-44946.0,44946.0,265437.0,6.7418999999999984,39.81555,100400411.51815,100400371.7026,100648637.7026,0.0061832892820636,0.95,0.05,0.2486309632106508,0.2361994150501182,0.2365176560626667,0.2360700821925963,5042151.702599987,True
A2,2026-04-03,2026-04-06,139260,ETF_003,TIGER 200 IT,79127.0,79766.0,301.0,300.0,-1.0,SELL,23817227.0,23738100.0,-79127.0,79127.0,265437.0,11.86905,39.81555,100400411.51815,100400371.7026,100648637.7026,0.0061832892820636,0.95,0.05,0.2489393667556683,0.2364923984178849,0.2372224041700707,0.2364343836327179,5042151.702599987,True
A2,2026-04-03,2026-04-06,227550,ETF_005,TIGER 200 산업재,14134.0,14163.0,1765.0,1764.0,-1.0,SELL,24946510.0,24932376.0,-14134.0,14134.0,265437.0,2.1201,39.81555,100400411.51815,100400371.7026,100648637.7026,0.0061832892820636,0.95,0.05,0.2614087942989829,0.2483383545840337,0.2484701967131904,0.2483295188772129,5042151.702599987,True
A2,2026-04-03,2026-04-06,266420,ETF_008,KODEX 헬스케어,21205.0,20940.0,1078.0,1084.0,6.0,BUY,22858990.0,22986220.0,127230.0,127230.0,265437.0,19.0845,39.81555,100400411.51815,100400371.7026,100648637.7026,0.0061832892820636,0.95,0.05,0.2410208757346979,0.228969831947963,0.2276782500624277,0.2289455667364301,5042151.702599987,True
A2,2026-04-06,2026-04-07,117460,ETF_001,KODEX 에너지화학,15187.0,15032.0,1582.0,0.0,-1582.0,SELL,24025834.0,0.0,-24025834.0,24025834.0,50783328.0,3603.8751,7617.499199999999,100987025.7026,100979408.2034,100949054.2034,0.0029848044410465,0.95,0.05,0.0,0.0,0.2379101061036738,0.0,5106456.203399986,True
A2,2026-04-06,2026-04-07,139260,ETF_003,TIGER 200 IT,81708.0,80600.0,300.0,293.0,-7.0,SELL,24512400.0,23940444.0,-571956.0,571956.0,50783328.0,85.79339999999999,7617.499199999999,100987025.7026,100979408.2034,100949054.2034,0.0029848044410465,0.95,0.05,0.25,0.2375,0.2427282101780814,0.2370824351810166,5106456.203399986,True
A2,2026-04-06,2026-04-07,227550,ETF_005,TIGER 200 산업재,14065.0,14306.0,1764.0,1705.0,-59.0,SELL,24810660.0,23980825.0,-829835.0,829835.0,50783328.0,124.47524999999996,7617.499199999999,100987025.7026,100979408.2034,100949054.2034,0.0029848044410465,0.95,0.05,0.25,0.2375,0.2456816588802776,0.2374823285921432,5106456.203399986,True
A2,2026-04-06,2026-04-07,266420,ETF_008,KODEX 헬스케어,20845.0,20765.0,1084.0,1150.0,66.0,BUY,22595980.0,23971750.0,1375770.0,1375770.0,50783328.0,206.3655,7617.499199999999,100987025.7026,100979408.2034,100949054.2034,0.0029848044410465,0.95,0.05,0.25,0.2375,0.223751316991389,0.2373924587844125,5106456.203399986,True
A2,2026-04-06,2026-04-07,476800,ETF_010,KODEX 한국부동산리츠인프라,4871.0,4866.0,0.0,4923.0,4923.0,BUY,0.0,23979933.0,23979933.0,23979933.0,50783328.0,3596.98995,7617.499199999999,100987025.7026,100979408.2034,100949054.2034,0.0029848044410465,0.95,0.05,0.25,0.2375,0.0,0.2374734951080114,5106456.203399986,True
A2,2026-04-07,2026-04-08,117460,ETF_001,KODEX 에너지화학,15805.0,15675.0,0.0,716.0,716.0,BUY,0.0,11316380.0,11316380.0,11316380.0,129669740.0,1697.457,19450.461,103174104.2034,103154653.7424,103951757.7424,0.0297447416689009,0.95,0.05,0.1155555555555555,0.1097777777777777,0.0,0.109703048669617,5270473.742399991,True
A2,2026-04-07,2026-04-08,117680,ETF_002,KODEX 철강,15036.0,15513.0,0.0,861.0,861.0,BUY,0.0,12945996.0,12945996.0,12945996.0,129669740.0,1941.8994,19450.461,103174104.2034,103154653.7424,103951757.7424,0.0297447416689009,0.95,0.05,0.1322222222222222,0.1256111111111111,0.0,0.1255008429607937,5270473.742399991,True
A2,2026-04-07,2026-04-08,139260,ETF_003,TIGER 200 IT,83365.0,88810.0,293.0,134.0,-159.0,SELL,24425945.0,11170910.0,-13255035.0,13255035.0,129669740.0,1988.25525,19450.461,103174104.2034,103154653.7424,103951757.7424,0.0297447416689009,0.95,0.05,0.1144444444444444,0.1087222222222222,0.2367449195570052,0.1082928359964857,5270473.742399991,True
A2,2026-04-07,2026-04-08,139270,ETF_004,TIGER 200 금융,16417.0,16407.0,0.0,709.0,709.0,BUY,0.0,11639653.0,11639653.0,11639653.0,129669740.0,1745.94795,19450.461,103174104.2034,103154653.7424,103951757.7424,0.0297447416689009,0.95,0.05,0.1188888888888888,0.1129444444444444,0.0,0.1128369160063955,5270473.742399991,True
A2,2026-04-07,2026-04-08,227550,ETF_005,TIGER 200 산업재,14591.0,14453.0,1705.0,544.0,-1161.0,SELL,24877655.0,7937504.0,-16940151.0,16940151.0,129669740.0,2541.02265,19450.461,103174104.2034,103154653.7424,103951757.7424,0.0297447416689009,0.95,0.05,0.0811111111111111,0.0770555555555555,0.2411230530381497,0.0769476093615873,5270473.742399991,True
A2,2026-04-07,2026-04-08,266390,ETF_006,KODEX 경기소비재,10852.0,10802.0,0.0,712.0,712.0,BUY,0.0,7726624.0,7726624.0,7726624.0,129669740.0,1158.9936,19450.461,103174104.2034,103154653.7424,103951757.7424,0.0297447416689009,0.95,0.05,0.0788888888888888,0.0749444444444444,0.0,0.0749033002359262,5270473.742399991,True
A2,2026-04-07,2026-04-08,266410,ETF_007,KODEX 필수소비재,9223.0,9134.0,0.0,1487.0,1487.0,BUY,0.0,13714601.0,13714601.0,13714601.0,129669740.0,2057.19015,19450.461,103174104.2034,103154653.7424,103951757.7424,0.0297447416689009,0.95,0.05,0.1399999999999999,0.1329999999999999,0.0,0.1329518398098489,5270473.742399991,True
A2,2026-04-07,2026-04-08,266420,ETF_008,KODEX 헬스케어,21530.0,21350.0,1150.0,303.0,-847.0,SELL,24759500.0,6523590.0,-18235910.0,18235910.0,129669740.0,2735.3865,19450.461,103174104.2034,103154653.7424,103951757.7424,0.0297447416689009,0.95,0.05,0.0666666666666666,0.0633333333333333,0.2399778528843682,0.0632408695422588,5270473.742399991,True
A2,2026-04-07,2026-04-08,315270,ETF_009,TIGER 200 커뮤니케이션서비스,21574.0,21688.0,0.0,343.0,343.0,BUY,0.0,7399882.0,7399882.0,7399882.0,129669740.0,1109.9823,19450.461,103174104.2034,103154653.7424,103951757.7424,0.0297447416689009,0.95,0.05,0.0755555555555555,0.0717777777777777,0.0,0.0717358037813702,5270473.742399991,True
A2,2026-04-07,2026-04-08,476800,ETF_010,KODEX 한국부동산리츠인프라,4876.0,4886.0,4923.0,1540.0,-3383.0,SELL,24004548.0,7509040.0,-16495508.0,16495508.0,129669740.0,2474.3262,19450.461,103174104.2034,103154653.7424,103951757.7424,0.0297447416689009,0.95,0.05,0.0766666666666666,0.0728333333333333,0.2326605904198289,0.0727940013133264,5270473.742399991,True
A2,2026-04-08,2026-04-09,117460,ETF_001,KODEX 에너지화학,15715.0,15860.0,716.0,0.0,-716.0,SELL,11251940.0,0.0,-11251940.0,11251940.0,104256558.0,1687.791,15638.4837,104234448.7424,104218810.25869998,104283163.25869998,0.0031880703462585,0.95,0.05,0.0,0.0,0.1079483811326858,0.0,5264015.258699983,True
A2,2026-04-08,2026-04-09,117680,ETF_002,KODEX 철강,15523.0,15438.0,861.0,1594.0,733.0,BUY,13365303.0,24743662.0,11378359.0,11378359.0,104256558.0,1706.7538499999998,15638.4837,104234448.7424,104218810.25869998,104283163.25869998,0.0031880703462585,0.95,0.05,0.25,0.2375,0.1282234727698361,0.2374203077024135,5264015.258699983,True
A2,2026-04-08,2026-04-09,139260,ETF_003,TIGER 200 IT,88281.0,87857.0,134.0,280.0,146.0,BUY,11829654.0,24718680.0,12889026.0,12889026.0,104256558.0,1933.3539,15638.4837,104234448.7424,104218810.25869998,104283163.25869998,0.0031880703462585,0.95,0.05,0.25,0.2375,0.1134908290179117,0.237180600494684,5264015.258699983,True
A2,2026-04-08,2026-04-09,139270,ETF_004,TIGER 200 금융,16481.0,16254.0,709.0,0.0,-709.0,SELL,11685029.0,0.0,-11685029.0,11685029.0,104256558.0,1752.75435,15638.4837,104234448.7424,104218810.25869998,104283163.25869998,0.0031880703462585,0.95,0.05,0.0,0.0,0.1121033318733024,0.0,5264015.258699983,True
A2,2026-04-08,2026-04-09,227550,ETF_005,TIGER 200 산업재,14507.0,14507.0,544.0,1706.0,1162.0,BUY,7891808.0,24748942.0,16857134.0,16857134.0,104256558.0,2528.5701,15638.4837,104234448.7424,104218810.25869998,104283163.25869998,0.0031880703462585,0.95,0.05,0.25,0.2375,0.0757120903426412,0.2374709703417863,5264015.258699983,True
A2,2026-04-08,2026-04-09,266390,ETF_006,KODEX 경기소비재,10812.0,10783.0,712.0,0.0,-712.0,SELL,7698144.0,0.0,-7698144.0,7698144.0,104256558.0,1154.7216,15638.4837,104234448.7424,104218810.25869998,104283163.25869998,0.0031880703462585,0.95,0.05,0.0,0.0,0.0738541249354599,0.0,5264015.258699983,True
A2,2026-04-08,2026-04-09,266410,ETF_007,KODEX 필수소비재,9243.0,9362.0,1487.0,2677.0,1190.0,BUY,13744341.0,24743511.0,10999170.0,10999170.0,104256558.0,1649.8755,15638.4837,104234448.7424,104218810.25869998,104283163.25869998,0.0031880703462585,0.95,0.05,0.25,0.2375,0.1318598713364629,0.237418858827689,5264015.258699983,True
A2,2026-04-08,2026-04-09,266420,ETF_008,KODEX 헬스케어,21385.0,21155.0,303.0,0.0,-303.0,SELL,6479655.0,0.0,-6479655.0,6479655.0,104256558.0,971.94825,15638.4837,104234448.7424,104218810.25869998,104283163.25869998,0.0031880703462585,0.95,0.05,0.0,0.0,0.0621642372380508,0.0,5264015.258699983,True
A2,2026-04-08,2026-04-09,315270,ETF_009,TIGER 200 커뮤니케이션서비스,21807.0,22001.0,343.0,0.0,-343.0,SELL,7479801.0,0.0,-7479801.0,7479801.0,104256558.0,1121.97015,15638.4837,104234448.7424,104218810.25869998,104283163.25869998,0.0031880703462585,0.95,0.05,0.0,0.0,0.0717593951927085,0.0,5264015.258699983,True
A2,2026-04-08,2026-04-09,476800,ETF_010,KODEX 한국부동산리츠인프라,4895.0,4900.0,1540.0,0.0,-1540.0,SELL,7538300.0,0.0,-7538300.0,7538300.0,104256558.0,1130.745,15638.4837,104234448.7424,104218810.25869998,104283163.25869998,0.0031880703462585,0.95,0.05,0.0,0.0,0.0723206203990179,0.0,5264015.258699983,True
A2,2026-04-09,2026-04-10,117680,ETF_002,KODEX 철강,15786.0,15736.0,1594.0,1588.0,-6.0,SELL,25162884.0,25068168.0,-94716.0,94716.0,672094.0,14.207399999999998,100.8141,105602149.25869998,105602048.4446,106160267.4446,0.0180000694958148,0.95,0.05,0.25,0.2375,0.2382800366908911,0.2373833497477185,5349572.444599986,True
A2,2026-04-09,2026-04-10,139260,ETF_003,TIGER 200 IT,89084.0,88910.0,280.0,281.0,1.0,BUY,24943520.0,25032604.0,89084.0,89084.0,672094.0,13.3626,100.8141,105602149.25869998,105602048.4446,106160267.4446,0.0180000694958148,0.95,0.05,0.25,0.2375,0.2362027683631168,0.2370465759774762,5349572.444599986,True
A2,2026-04-09,2026-04-10,227550,ETF_005,TIGER 200 산업재,14581.0,14797.0,1706.0,1720.0,14.0,BUY,24875186.0,25079320.0,204134.0,204134.0,672094.0,30.6201,100.8141,105602149.25869998,105602048.4446,106160267.4446,0.0180000694958148,0.95,0.05,0.25,0.2375,0.2355556792604831,0.2374889537598022,5349572.444599986,True
A2,2026-04-09,2026-04-10,266410,ETF_007,KODEX 필수소비재,9472.0,9591.0,2677.0,2647.0,-30.0,SELL,25356544.0,25072384.0,-284160.0,284160.0,672094.0,42.624,100.8141,105602149.25869998,105602048.4446,106160267.4446,0.0180000694958148,0.95,0.05,0.25,0.2375,0.2401139008817191,0.2374232732157014,5349572.444599986,True
A2,2026-04-10,2026-04-13,117680,ETF_002,KODEX 철강,15632.0,15731.0,1588.0,1599.0,11.0,BUY,24823616.0,24995568.0,171952.0,171952.0,1387278.0,25.7928,208.0917,105258763.4446,105258555.35289998,106419151.35289998,0.0024386139422181,0.95,0.05,0.25,0.2375,0.2358341974354013,0.23746827909805,5350622.352899984,True
A2,2026-04-10,2026-04-13,139260,ETF_003,TIGER 200 IT,86843.0,89354.0,281.0,287.0,6.0,BUY,24402883.0,24923941.0,521058.0,521058.0,1387278.0,78.1587,208.0917,105258763.4446,105258555.35289998,106419151.35289998,0.0024386139422181,0.95,0.05,0.25,0.2375,0.2318370670660954,0.2367877928443687,5350622.352899984,True
A2,2026-04-10,2026-04-13,227550,ETF_005,TIGER 200 산업재,14822.0,14827.0,1720.0,1686.0,-34.0,SELL,25493840.0,24989892.0,-503948.0,503948.0,1387278.0,75.59219999999999,208.0917,105258763.4446,105258555.35289998,106419151.35289998,0.0024386139422181,0.95,0.05,0.25,0.2375,0.2422015912567505,0.2374143547402534,5350622.352899984,True
A2,2026-04-10,2026-04-13,266410,ETF_007,KODEX 필수소비재,9516.0,9620.0,2647.0,2627.0,-20.0,SELL,25188852.0,24998532.0,-190320.0,190320.0,1387278.0,28.548,208.0917,105258763.4446,105258555.35289998,106419151.35289998,0.0024386139422181,0.95,0.05,0.25,0.2375,0.2393040842937267,0.2374964383292884,5350622.352899984,True
A2,2026-04-13,2026-04-14,117680,ETF_002,KODEX 철강,15969.0,15880.0,1599.0,1606.0,7.0,BUY,25534431.0,25646214.0,111783.0,111783.0,1387761.0,16.76745,208.16415,108028515.35289998,108028307.18874998,107643443.18874998,0.0115044314889345,0.95,0.05,0.25,0.2375,0.236367508306357,0.2374027203369043,5433037.188749984,True
A2,2026-04-13,2026-04-14,139260,ETF_003,TIGER 200 IT,91899.0,92932.0,287.0,279.0,-8.0,SELL,26375013.0,25639821.0,-735192.0,735192.0,1387761.0,110.2788,208.16415,108028515.35289998,108028307.18874998,107643443.18874998,0.0115044314889345,0.95,0.05,0.25,0.2375,0.2441486205178323,0.2373435414034713,5433037.188749984,True
A2,2026-04-13,2026-04-14,227550,ETF_005,TIGER 200 산업재,14959.0,14856.0,1686.0,1715.0,29.0,BUY,25220874.0,25654685.0,433811.0,433811.0,1387761.0,65.07164999999999,208.16415,108028515.35289998,108028307.18874998,107643443.18874998,0.0115044314889345,0.95,0.05,0.25,0.2375,0.2334649691112593,0.237481134969332,5433037.188749984,True
A2,2026-04-13,2026-04-14,266410,ETF_007,KODEX 필수소비재,9725.0,9591.0,2627.0,2638.0,11.0,BUY,25547575.0,25654550.0,106975.0,106975.0,1387761.0,16.04625,208.16415,108028515.35289998,108028307.18874998,107643443.18874998,0.0115044314889345,0.95,0.05,0.25,0.2375,0.2364891798849866,0.2374798852968757,5433037.188749984,True
A2,2026-04-14,2026-04-15,117680,ETF_002,KODEX 철강,16103.0,16014.0,1606.0,2147.0,541.0,BUY,25861418.0,34573141.0,8711723.0,8711723.0,50798683.0,1306.7584499999998,7619.802449999999,109193429.18874998,109185809.38629998,108827293.38629998,0.0109978848918288,0.95,0.05,0.3333333333333333,0.3166666666666666,0.2368404233857,0.3166450035432722,5540134.386299983,True
A2,2026-04-14,2026-04-15,139260,ETF_003,TIGER 200 IT,96646.0,96177.0,279.0,357.0,78.0,BUY,26964234.0,34502622.0,7538388.0,7538388.0,50798683.0,1130.7581999999998,7619.802449999999,109193429.18874998,109185809.38629998,108827293.38629998,0.0109978848918288,0.95,0.05,0.3333333333333333,0.3166666666666666,0.2469400787238769,0.3159991412247496,5540134.386299983,True
A2,2026-04-14,2026-04-15,227550,ETF_005,TIGER 200 산업재,14856.0,14856.0,1715.0,2327.0,612.0,BUY,25478040.0,34569912.0,9091872.0,9091872.0,50798683.0,1363.7807999999998,7619.802449999999,109193429.18874998,109185809.38629998,108827293.38629998,0.0109978848918288,0.95,0.05,0.3333333333333333,0.3166666666666666,0.2333294245751644,0.3166154301031141,5540134.386299983,True
A2,2026-04-14,2026-04-15,266410,ETF_007,KODEX 필수소비재,9650.0,9839.0,2638.0,0.0,-2638.0,SELL,25456700.0,0.0,-25456700.0,25456700.0,50798683.0,3818.505,7619.802449999999,109193429.18874998,109185809.38629998,108827293.38629998,0.0109978848918288,0.95,0.05,0.0,0.0,0.2331339915700968,0.0,5540134.386299983,True
A2,2026-04-15,2026-04-16,117680,ETF_002,KODEX 철강,16064.0,16098.0,2147.0,2154.0,7.0,BUY,34489408.0,34601856.0,112448.0,112448.0,247529.0,16.867199999999997,37.12935,109440257.38629998,109440220.25694998,110190378.25694998,0.0125252115368843,0.95,0.05,0.3328783396975804,0.3162344227127013,0.3151437032741982,0.3161712935039768,5562730.256949976,True
A2,2026-04-15,2026-04-16,139260,ETF_003,TIGER 200 IT,96596.0,98622.0,357.0,357.0,0.0,HOLD,34484772.0,34484772.0,0.0,0.0,247529.0,0.0,37.12935,109440257.38629998,109440220.25694998,110190378.25694998,0.0125252115368843,0.95,0.05,0.3324245659617765,0.3158033376636877,0.3151013422627138,0.315101449165898,5562730.256949976,True
A2,2026-04-15,2026-04-16,227550,ETF_005,TIGER 200 산업재,15009.0,14989.0,2327.0,2318.0,-9.0,SELL,34925943.0,34790862.0,-135081.0,135081.0,247529.0,20.26215,37.12935,109440257.38629998,109440220.25694998,110190378.25694998,0.0125252115368843,0.95,0.05,0.334697094340643,0.3179622396236108,0.3191325005451981,0.3178983185369696,5562730.256949976,True
A2,2026-04-16,2026-04-17,117680,ETF_002,KODEX 철강,16257.0,16222.0,2154.0,2142.0,-12.0,SELL,35017578.0,34822494.0,-195084.0,195084.0,595362.0,29.2626,89.3043,110639860.25694998,110639770.95264998,110412594.95264998,0.0020166615199543,0.95,0.05,0.331414235747706,0.3148435239603206,0.316500562443546,0.3147375821566264,5568874.952649981,True
A2,2026-04-16,2026-04-17,139260,ETF_003,TIGER 200 IT,98188.0,99216.0,357.0,360.0,3.0,BUY,35053116.0,35347680.0,294564.0,294564.0,595362.0,44.1846,89.3043,110639860.25694998,110639770.95264998,110412594.95264998,0.0020166615199543,0.95,0.05,0.3365081283295215,0.3196827219130454,0.3168217667537961,0.3194843924173305,5568874.952649981,True
A2,2026-04-16,2026-04-17,227550,ETF_005,TIGER 200 산업재,15102.0,14876.0,2318.0,2311.0,-7.0,SELL,35006436.0,34900722.0,-105714.0,105714.0,595362.0,15.8571,89.3043,110639860.25694998,110639770.95264998,110412594.95264998,0.0020166615199543,0.95,0.05,0.3320776359227725,0.3154737541266339,0.3163998573271971,0.3154446335119069,5568874.952649981,True
A2,2026-04-17,2026-04-20,117680,ETF_002,KODEX 철강,16327.0,16227.0,2142.0,2134.0,-8.0,SELL,34972434.0,34841818.0,-130616.0,130616.0,205046.0,19.5924,30.7569,110694814.95264998,110694784.19574998,111579996.19574998,0.010573080395408,0.95,0.05,0.3314220823145153,0.3148509781987896,0.3159356110307385,0.3147557335527803,5625030.195749983,True
A2,2026-04-17,2026-04-20,139260,ETF_003,TIGER 200 IT,99311.0,101417.0,360.0,360.0,0.0,HOLD,35751960.0,35751960.0,0.0,0.0,205046.0,0.0,30.7569,110694814.95264998,110694784.19574998,111579996.19574998,0.010573080395408,0.95,0.05,0.3406761988223997,0.3236423888812796,0.3229777294925061,0.3229778192329017,5625030.195749983,True
A2,2026-04-17,2026-04-20,227550,ETF_005,TIGER 200 산업재,14886.0,15033.0,2311.0,2316.0,5.0,BUY,34401546.0,34475976.0,74430.0,74430.0,205046.0,11.1645,30.7569,110694814.95264998,110694784.19574998,111579996.19574998,0.010573080395408,0.95,0.05,0.327901718863085,0.3115066329199307,0.3107782962979373,0.3114507720529408,5625030.195749983,True
A2,2026-04-20,2026-04-21,117680,ETF_002,KODEX 철강,16426.0,16624.0,2134.0,2122.0,-12.0,SELL,35053084.0,34855972.0,-197112.0,197112.0,347792.0,29.5668,52.1688,112281562.19574998,112281510.02695,114595988.02695,0.0270298613911843,0.95,0.05,0.3268220387140703,0.3104809367783667,0.3121891369741452,0.3104337659124268,5671410.026949987,True
A2,2026-04-20,2026-04-21,139260,ETF_003,TIGER 200 IT,101961.0,106144.0,360.0,360.0,0.0,HOLD,36705960.0,36705960.0,0.0,0.0,347792.0,0.0,52.1688,112281562.19574998,112281510.02695,114595988.02695,0.0270298613911843,0.95,0.05,0.344581489460343,0.3273524149873258,0.3269099510390439,0.3269101029295899,5671410.026949987,True
A2,2026-04-20,2026-04-21,227550,ETF_005,TIGER 200 산업재,15068.0,15235.0,2316.0,2326.0,10.0,BUY,34897488.0,35048168.0,150680.0,150680.0,347792.0,22.602,52.1688,112281562.19574998,112281510.02695,114595988.02695,0.0270298613911843,0.95,0.05,0.3285964718255867,0.3121666482343073,0.3108033707186959,0.3121454992152108,5671410.026949987,True
A2,2026-04-21,2026-04-22,117680,ETF_002,KODEX 철강,16644.0,16828.0,2122.0,2128.0,6.0,BUY,35318568.0,35418432.0,99864.0,99864.0,346376.0,14.979599999999998,51.9564,115162340.02695,115162288.07054998,116665820.07054998,0.0180619939601482,0.95,0.05,0.3238582939472118,0.3076653792498512,0.3066850499193994,0.3075523471564075,5818006.07054998,True
A2,2026-04-21,2026-04-22,139260,ETF_003,TIGER 200 IT,106488.0,107716.0,360.0,360.0,0.0,HOLD,38335680.0,38335680.0,0.0,0.0,346376.0,0.0,51.9564,115162340.02695,115162288.07054998,116665820.07054998,0.0180619939601482,0.95,0.05,0.3508100807147492,0.3332695766790117,0.3328838228801949,0.3328839730634306,5818006.07054998,True
A2,2026-04-21,2026-04-22,227550,ETF_005,TIGER 200 산업재,15407.0,15697.0,2326.0,2310.0,-16.0,SELL,35836682.0,35590170.0,-246512.0,246512.0,346376.0,36.9768,51.9564,115162340.02695,115162288.07054998,116665820.07054998,0.0180619939601482,0.95,0.05,0.3253316253380389,0.309065044071137,0.3111840380424155,0.3090436165891127,5818006.07054998,True
A2,2026-04-22,2026-04-23,117680,ETF_002,KODEX 철강,16863.0,16674.0,2128.0,2126.0,-2.0,SELL,35884464.0,35850738.0,-33726.0,33726.0,157393.0,5.0589,23.60895,116851240.07054998,116851216.46159998,115983988.46159998,-0.0058443133433399,0.95,0.05,0.3230553919628943,0.3069026223647496,0.3070952775369301,0.3068067161438699,5943961.461599976,True
A2,2026-04-22,2026-04-23,139260,ETF_003,TIGER 200 IT,107960.0,107391.0,360.0,359.0,-1.0,SELL,38865600.0,38757640.0,-107960.0,107960.0,157393.0,16.194,23.60895,116851240.07054998,116851216.46159998,115983988.46159998,-0.0058443133433399,0.95,0.05,0.3498288202598203,0.3323373792468293,0.3326075099976222,0.3316836672619207,5943961.461599976,True
A2,2026-04-22,2026-04-23,227550,ETF_005,TIGER 200 산업재,15707.0,15594.0,2310.0,2311.0,1.0,BUY,36283170.0,36298877.0,15707.0,15707.0,157393.0,2.35605,23.60895,116851240.07054998,116851216.46159998,115983988.46159998,-0.0058443133433399,0.95,0.05,0.3271157877772853,0.310759998388421,0.3105073594263416,0.3106418409595988,5943961.461599976,True
A2,2026-04-23,2026-04-24,117680,ETF_002,KODEX 철강,16704.0,16783.0,2126.0,2128.0,2.0,BUY,35512704.0,35546112.0,33408.0,33408.0,234678.0,5.0112,35.201699999999995,116160853.46159998,116160818.25989996,116688368.25989996,0.0060730779105186,0.95,0.05,0.3221457224833287,0.3060384363591623,0.3057200678345537,0.3060077617606703,5924660.259899974,True
A2,2026-04-23,2026-04-24,139260,ETF_003,TIGER 200 IT,107706.0,107092.0,359.0,358.0,-1.0,SELL,38666454.0,38558748.0,-107706.0,107706.0,234678.0,16.1559,35.201699999999995,116160853.46159998,116160818.25989996,116688368.25989996,0.0060730779105186,0.95,0.05,0.350357683936228,0.3328397997394166,0.3328699200095169,0.3319428063405,5924660.259899974,True
A2,2026-04-23,2026-04-24,227550,ETF_005,TIGER 200 산업재,15594.0,15844.0,2311.0,2317.0,6.0,BUY,36037734.0,36131298.0,93564.0,93564.0,234678.0,14.034599999999998,35.201699999999995,116160853.46159998,116160818.25989996,116688368.25989996,0.0060730779105186,0.95,0.05,0.3274965935804432,0.3111217639014211,0.3102399209895028,0.3110454845381623,5924660.259899974,True
A2,2026-04-24,2026-04-27,117460,ETF_001,KODEX 에너지화학,18459.0,18050.0,0.0,1048.0,1048.0,BUY,0.0,19345032.0,19345032.0,19345032.0,126376257.0,2901.7548,18956.43855,118356091.25989996,118337134.82134998,118364605.82134998,0.0143650784259534,0.95,0.05,0.1722222222222222,0.163611111111111,0.0,0.163473892022184,5988760.821349978,True
A2,2026-04-24,2026-04-27,117680,ETF_002,KODEX 철강,17155.0,17155.0,2128.0,1114.0,-1014.0,SELL,36505840.0,19110670.0,-17395170.0,17395170.0,126376257.0,2609.2755,18956.43855,118356091.25989996,118337134.82134998,118364605.82134998,0.0143650784259534,0.95,0.05,0.1699999999999999,0.1614999999999999,0.3084407368593836,0.1614934317013066,5988760.821349978,True
A2,2026-04-24,2026-04-27,139260,ETF_003,TIGER 200 IT,108549.0,111219.0,358.0,191.0,-167.0,SELL,38860542.0,20732859.0,-18127683.0,18127683.0,126376257.0,2719.15245,18956.43855,118356091.25989996,118337134.82134998,118364605.82134998,0.0143650784259534,0.95,0.05,0.1844444444444444,0.1752222222222222,0.3283358007714663,0.175201630758593,5988760.821349978,True
A2,2026-04-24,2026-04-27,139270,ETF_004,TIGER 200 금융,16806.0,16727.0,0.0,572.0,572.0,BUY,0.0,9613032.0,9613032.0,9613032.0,126376257.0,1441.9548,18956.43855,118356091.25989996,118337134.82134998,118364605.82134998,0.0143650784259534,0.95,0.05,0.0855555555555555,0.0812777777777777,0.0,0.0812342804692077,5988760.821349978,True
A2,2026-04-24,2026-04-27,227550,ETF_005,TIGER 200 산업재,15997.0,15928.0,2317.0,585.0,-1732.0,SELL,37065049.0,9358245.0,-27706804.0,27706804.0,126376257.0,4156.0206,18956.43855,118356091.25989996,118337134.82134998,118364605.82134998,0.0143650784259534,0.95,0.05,0.0833333333333333,0.0791666666666666,0.3131655380423833,0.0790812200593487,5988760.821349978,True
A2,2026-04-24,2026-04-27,266390,ETF_006,KODEX 경기소비재,11951.0,11966.0,0.0,1045.0,1045.0,BUY,0.0,12488795.0,12488795.0,12488795.0,126376257.0,1873.31925,18956.43855,118356091.25989996,118337134.82134998,118364605.82134998,0.0143650784259534,0.95,0.05,0.111111111111111,0.1055555555555555,0.0,0.1055357223145039,5988760.821349978,True
A2,2026-04-24,2026-04-27,266410,ETF_007,KODEX 필수소비재,10404.0,10439.0,0.0,336.0,336.0,BUY,0.0,3495744.0,3495744.0,3495744.0,126376257.0,524.3616,18956.43855,118356091.25989996,118337134.82134998,118364605.82134998,0.0143650784259534,0.95,0.05,0.0311111111111111,0.0295555555555555,0.0,0.0295405495939834,5988760.821349978,True
A2,2026-04-24,2026-04-27,266420,ETF_008,KODEX 헬스케어,22035.0,22180.0,0.0,294.0,294.0,BUY,0.0,6478290.0,6478290.0,6478290.0,126376257.0,971.7435,18956.43855,118356091.25989996,118337134.82134998,118364605.82134998,0.0143650784259534,0.95,0.05,0.0577777777777777,0.0548888888888888,0.0,0.0547443539999517,5988760.821349978,True
A2,2026-04-24,2026-04-27,315270,ETF_009,TIGER 200 커뮤니케이션서비스,23014.0,22836.0,0.0,173.0,173.0,BUY,0.0,3981422.0,3981422.0,3981422.0,126376257.0,597.2133,18956.43855,118356091.25989996,118337134.82134998,118364605.82134998,0.0143650784259534,0.95,0.05,0.0355555555555555,0.0337777777777777,0.0,0.0336447388726339,5988760.821349978,True
A2,2026-04-24,2026-04-27,476800,ETF_010,KODEX 한국부동산리츠인프라,5105.0,5100.0,0.0,1517.0,1517.0,BUY,0.0,7744285.0,7744285.0,7744285.0,126376257.0,1161.64275,18956.43855,118356091.25989996,118337134.82134998,118364605.82134998,0.0143650784259534,0.95,0.05,0.0688888888888888,0.0654444444444444,0.0,0.0654425596131874,5988760.821349978,True
A2,2026-04-27,2026-04-28,117460,ETF_001,KODEX 에너지화학,18075.0,18280.0,1048.0,1056.0,8.0,BUY,18942600.0,19087200.0,144600.0,144600.0,999523.0,21.69,149.92845,119451296.82134998,119451146.89289998,120144482.89289998,0.0150372407291787,0.95,0.05,0.1683315484746744,0.1599149710509407,0.1585801117616189,0.1597908475262577,6088907.892899975,True
A2,2026-04-27,2026-04-28,117680,ETF_002,KODEX 철강,17448.0,17890.0,1114.0,1106.0,-8.0,SELL,19437072.0,19297488.0,-139584.0,139584.0,999523.0,20.9376,149.92845,119451296.82134998,119451146.89289998,120144482.89289998,0.0150372407291787,0.95,0.05,0.1700603007701522,0.1615572857316445,0.1627196398635158,0.1615512994387751,6088907.892899975,True
A2,2026-04-27,2026-04-28,139260,ETF_003,TIGER 200 IT,112812.0,114074.0,191.0,190.0,-1.0,SELL,21547092.0,21434280.0,-112812.0,112812.0,999523.0,16.921799999999998,149.92845,119451296.82134998,119451146.89289998,120144482.89289998,0.0150372407291787,0.95,0.05,0.1890337643289801,0.1795820761125311,0.1803839102075684,0.1794397170520095,6088907.892899975,True
A2,2026-04-27,2026-04-28,139270,ETF_004,TIGER 200 금융,16776.0,16900.0,572.0,575.0,3.0,BUY,9595872.0,9646200.0,50328.0,50328.0,999523.0,7.5492,149.92845,119451296.82134998,119451146.89289998,120144482.89289998,0.0150372407291787,0.95,0.05,0.0851414643422703,0.0808843911251568,0.0803329244248514,0.080754352309809,6088907.892899975,True
A2,2026-04-27,2026-04-28,227550,ETF_005,TIGER 200 산업재,16252.0,15790.0,585.0,578.0,-7.0,SELL,9507420.0,9393656.0,-113764.0,113764.0,999523.0,17.064600000000002,149.92845,119451296.82134998,119451146.89289998,120144482.89289998,0.0150372407291787,0.95,0.05,0.0829171073196379,0.078771251953656,0.0795924385334986,0.078640149084733,6088907.892899975,True
A2,2026-04-27,2026-04-28,266390,ETF_006,KODEX 경기소비재,12250.0,12275.0,1045.0,1030.0,-15.0,SELL,12801250.0,12617500.0,-183750.0,183750.0,999523.0,27.5625,149.92845,119451296.82134998,119451146.89289998,120144482.89289998,0.0150372407291787,0.95,0.05,0.1112736460402144,0.1057099637382037,0.1071671077723451,0.1056289565081603,6088907.892899975,True
A2,2026-04-27,2026-04-28,266410,ETF_007,KODEX 필수소비재,10365.0,10330.0,336.0,341.0,5.0,BUY,3482640.0,3534465.0,51825.0,51825.0,999523.0,7.77375,149.92845,119451296.82134998,119451146.89289998,120144482.89289998,0.0150372407291787,0.95,0.05,0.0312122591825672,0.0296516462234388,0.0291553134430059,0.0295892094126899,6088907.892899975,True
A2,2026-04-27,2026-04-28,266420,ETF_008,KODEX 헬스케어,21910.0,21850.0,294.0,300.0,6.0,BUY,6441540.0,6573000.0,131460.0,131460.0,999523.0,19.719,149.92845,119451296.82134998,119451146.89289998,120144482.89289998,0.0150372407291787,0.95,0.05,0.058027772783377,0.0551263841442082,0.0539260784220191,0.055026679701061,6088907.892899975,True
A2,2026-04-27,2026-04-28,315270,ETF_009,TIGER 200 커뮤니케이션서비스,22950.0,22960.0,173.0,173.0,0.0,HOLD,3970350.0,3970350.0,0.0,0.0,999523.0,0.0,149.92845,119451296.82134998,119451146.89289998,120144482.89289998,0.0150372407291787,0.95,0.05,0.0351554909331271,0.0333977163864707,0.0332382326994575,0.0332382744182424,6088907.892899975,True
A2,2026-04-27,2026-04-28,476800,ETF_010,KODEX 한국부동산리츠인프라,5100.0,5065.0,1517.0,1531.0,14.0,BUY,7736700.0,7808100.0,71400.0,71400.0,999523.0,10.71,149.92845,119451296.82134998,119451146.89289998,120144482.89289998,0.0150372407291787,0.95,0.05,0.0688466458249991,0.0654043135337491,0.0647686563970161,0.065366471591945,6088907.892899975,True
A2,2026-04-28,2026-04-29,117460,ETF_001,KODEX 에너지화학,18325.0,19240.0,1056.0,1057.0,1.0,BUY,19351200.0,19369525.0,18325.0,18325.0,821645.0,2.74875,123.24675,120552722.89289998,120552599.64614998,121201109.64614998,0.0087946339924065,0.95,0.05,0.1692480179070598,0.1607856170117068,0.1605206380712923,0.1606728105146971,6223959.646149978,True
A2,2026-04-28,2026-04-29,117680,ETF_002,KODEX 철강,18185.0,17980.0,1106.0,1092.0,-14.0,SELL,20112610.0,19858020.0,-254590.0,254590.0,821645.0,38.1885,123.24675,120552722.89289998,120552599.64614998,121201109.64614998,0.0087946339924065,0.95,0.05,0.1734798145553165,0.1648058238275507,0.1668366297944859,0.1647249421272368,6223959.646149978,True
A2,2026-04-28,2026-04-29,139260,ETF_003,TIGER 200 IT,112795.0,114730.0,190.0,192.0,2.0,BUY,21431050.0,21656640.0,225590.0,225590.0,821645.0,33.8385,123.24675,120552722.89289998,120552599.64614998,121201109.64614998,0.0087946339924065,0.95,0.05,0.1900306933703153,0.1805291587017995,0.1777732554331395,0.1796447365180618,6223959.646149978,True
A2,2026-04-28,2026-04-29,139270,ETF_004,TIGER 200 금융,16900.0,16865.0,575.0,577.0,2.0,BUY,9717500.0,9751300.0,33800.0,33800.0,821645.0,5.07,123.24675,120552722.89289998,120552599.64614998,121201109.64614998,0.0087946339924065,0.95,0.05,0.0851996932197308,0.0809397085587442,0.0806078848059956,0.0808883427534731,6223959.646149978,True
A2,2026-04-28,2026-04-29,227550,ETF_005,TIGER 200 산업재,16030.0,16145.0,578.0,571.0,-7.0,SELL,9265340.0,9153130.0,-112210.0,112210.0,821645.0,16.8315,123.24675,120552722.89289998,120552599.64614998,121201109.64614998,0.0087946339924065,0.95,0.05,0.080019060883258,0.0760181078390951,0.0768571607315033,0.0759264422904738,6223959.646149978,True
A2,2026-04-28,2026-04-29,266390,ETF_006,KODEX 경기소비재,12340.0,12220.0,1030.0,1028.0,-2.0,SELL,12710200.0,12685520.0,-24680.0,24680.0,821645.0,3.702,123.24675,120552722.89289998,120552599.64614998,121201109.64614998,0.0087946339924065,0.95,0.05,0.1108516615693709,0.1053090784909023,0.105432707739765,0.1052280916150706,6223959.646149978,True
A2,2026-04-28,2026-04-29,266410,ETF_007,KODEX 필수소비재,10465.0,10330.0,341.0,337.0,-4.0,SELL,3568565.0,3526705.0,-41860.0,41860.0,821645.0,6.279,123.24675,120552722.89289998,120552599.64614998,121201109.64614998,0.0087946339924065,0.95,0.05,0.0308843298541084,0.0293401133614029,0.029601695543371,0.029254491486303,6223959.646149978,True
A2,2026-04-28,2026-04-29,266420,ETF_008,KODEX 헬스케어,22000.0,21780.0,300.0,299.0,-1.0,SELL,6600000.0,6578000.0,-22000.0,22000.0,821645.0,3.3,123.24675,120552722.89289998,120552599.64614998,121201109.64614998,0.0087946339924065,0.95,0.05,0.0574719824085758,0.054598383288147,0.0547478301743834,0.0545653931919176,6223959.646149978,True
A2,2026-04-28,2026-04-29,315270,ETF_009,TIGER 200 커뮤니케이션서비스,23070.0,22895.0,173.0,172.0,-1.0,SELL,3991110.0,3968040.0,-23070.0,23070.0,821645.0,3.4605,123.24675,120552722.89289998,120552599.64614998,121201109.64614998,0.0087946339924065,0.95,0.05,0.0348258294256988,0.0330845379544138,0.0331067594677702,0.0329154245669286,6223959.646149978,True
A2,2026-04-28,2026-04-29,476800,ETF_010,KODEX 한국부동산리츠인프라,5040.0,4880.0,1531.0,1544.0,13.0,BUY,7716240.0,7781760.0,65520.0,65520.0,821645.0,9.828,123.24675,120552722.89289998,120552599.64614998,121201109.64614998,0.0087946339924065,0.95,0.05,0.0679889168065655,0.0645894709662373,0.0640071813795128,0.0645507440141588,6223959.646149978,True
A2,2026-04-29,2026-04-30,117460,ETF_001,KODEX 에너지화학,19150.0,18925.0,1057.0,1063.0,6.0,BUY,20241550.0,20356450.0,114900.0,114900.0,599875.0,17.234999999999996,89.98124999999999,121198564.64614998,121198474.66489998,119570949.66489998,-0.0134500417199916,0.95,0.05,0.1768758401125789,0.1680320481069499,0.1670114663411816,0.167959622068539,6203984.664899975,True
A2,2026-04-29,2026-04-30,117680,ETF_002,KODEX 철강,17980.0,17385.0,1092.0,1093.0,1.0,BUY,19634160.0,19652140.0,17980.0,17980.0,599875.0,2.697,89.98124999999999,121198564.64614998,121198474.66489998,119570949.66489998,-0.0134500417199916,0.95,0.05,0.1707657565003133,0.1622274686752976,0.1619999383435248,0.1621484103189907,6203984.664899975,True
A2,2026-04-29,2026-04-30,139260,ETF_003,TIGER 200 IT,115770.0,114575.0,192.0,190.0,-2.0,SELL,22227840.0,21996300.0,-231540.0,231540.0,599875.0,34.730999999999995,89.98124999999999,121198564.64614998,121198474.66489998,119570949.66489998,-0.0134500417199916,0.95,0.05,0.1915872849518361,0.1820079207042443,0.1834001917835921,0.181489907862432,6203984.664899975,True
A2,2026-04-29,2026-04-30,139270,ETF_004,TIGER 200 금융,16745.0,16650.0,577.0,581.0,4.0,BUY,9661865.0,9728845.0,66980.0,66980.0,599875.0,10.047,89.98124999999999,121198564.64614998,121198474.66489998,119570949.66489998,-0.0134500417199916,0.95,0.05,0.0846351209783857,0.0804033649294664,0.0797193021898293,0.0802720085949856,6203984.664899975,True
A2,2026-04-29,2026-04-30,227550,ETF_005,TIGER 200 산업재,16150.0,15990.0,571.0,571.0,0.0,HOLD,9221650.0,9221650.0,0.0,0.0,599875.0,0.0,89.98124999999999,121198564.64614998,121198474.66489998,119570949.66489998,-0.0134500417199916,0.95,0.05,0.0801793660740416,0.0761703977703395,0.0760871222107574,0.0760871787000357,6203984.664899975,True
A2,2026-04-29,2026-04-30,266390,ETF_006,KODEX 경기소비재,12245.0,12170.0,1028.0,1027.0,-1.0,SELL,12587860.0,12575615.0,-12245.0,12245.0,599875.0,1.83675,89.98124999999999,121198564.64614998,121198474.66489998,119570949.66489998,-0.0134500417199916,0.95,0.05,0.1092578829793572,0.1037949888303893,0.1038614610391746,0.1037605055242662,6203984.664899975,True
A2,2026-04-29,2026-04-30,266410,ETF_007,KODEX 필수소비재,10280.0,10185.0,337.0,339.0,2.0,BUY,3464360.0,3484920.0,20560.0,20560.0,599875.0,3.084,89.98124999999999,121198564.64614998,121198474.66489998,119570949.66489998,-0.0134500417199916,0.95,0.05,0.0302774072935361,0.0287635369288593,0.0285841669009406,0.0287538272213029,6203984.664899975,True
A2,2026-04-29,2026-04-30,266420,ETF_008,KODEX 헬스케어,21700.0,21120.0,299.0,300.0,1.0,BUY,6488300.0,6510000.0,21700.0,21700.0,599875.0,3.2549999999999994,89.98124999999999,121198564.64614998,121198474.66489998,119570949.66489998,-0.0134500417199916,0.95,0.05,0.0566392539735069,0.0538072912748315,0.053534462383636,0.0537135472867906,6203984.664899975,True
A2,2026-04-29,2026-04-30,315270,ETF_009,TIGER 200 커뮤니케이션서비스,23105.0,22490.0,172.0,170.0,-2.0,SELL,3974060.0,3927850.0,-46210.0,46210.0,599875.0,6.931499999999999,89.98124999999999,121198564.64614998,121198474.66489998,119570949.66489998,-0.0134500417199916,0.95,0.05,0.0342497618004968,0.032537273710472,0.0327896622505606,0.0324084111690354,6203984.664899975,True
A2,2026-04-29,2026-04-30,476800,ETF_010,KODEX 한국부동산리츠인프라,4840.0,4855.0,1544.0,1558.0,14.0,BUY,7472960.0,7540720.0,67760.0,67760.0,599875.0,10.163999999999998,89.98124999999999,121198564.64614998,121198474.66489998,119570949.66489998,-0.0134500417199916,0.95,0.05,0.0655323253359472,0.0622557090691498,0.0616588160249089,0.0622179447459981,6203984.664899975,True
A2,2026-04-30,2026-05-04,117460,ETF_001,KODEX 에너지화학,19255.0,18975.0,1063.0,1067.0,4.0,BUY,20468065.0,20545085.0,77020.0,77020.0,587590.0,11.553,88.1385,121914859.66489998,121914771.52639996,122512266.52639996,0.0245989253221046,0.95,0.05,0.1774527085557948,0.1685800731280051,0.1678881889890972,0.1685200631783251,6198906.52639997,True
A2,2026-04-30,2026-05-04,117680,ETF_002,KODEX 철강,17770.0,17765.0,1093.0,1092.0,-1.0,SELL,19422610.0,19404840.0,-17770.0,17770.0,587590.0,2.6655,88.1385,121914859.66489998,121914771.52639996,122512266.52639996,0.0245989253221046,0.95,0.05,0.1676132460633483,0.1592325837601809,0.1593129012606482,0.1591672588731217,6198906.52639997,True
A2,2026-04-30,2026-05-04,139260,ETF_003,TIGER 200 IT,117615.0,124335.0,190.0,189.0,-1.0,SELL,22346850.0,22229235.0,-117615.0,117615.0,587590.0,17.642249999999997,88.1385,121914859.66489998,121914771.52639996,122512266.52639996,0.0245989253221046,0.95,0.05,0.1920246343368193,0.1824234026199783,0.1832988206804604,0.1823342218640534,6198906.52639997,True
A2,2026-04-30,2026-05-04,139270,ETF_004,TIGER 200 금융,16970.0,16910.0,581.0,582.0,1.0,BUY,9859570.0,9876540.0,16970.0,16970.0,587590.0,2.5455,88.1385,121914859.66489998,121914771.52639996,122512266.52639996,0.0245989253221046,0.95,0.05,0.0853304134939133,0.0810638928192176,0.0808725862220602,0.0810118402909141,6198906.52639997,True
A2,2026-04-30,2026-05-04,227550,ETF_005,TIGER 200 산업재,16375.0,16605.0,571.0,569.0,-2.0,SELL,9350125.0,9317375.0,-32750.0,32750.0,587590.0,4.9125,88.1385,121914859.66489998,121914771.52639996,122512266.52639996,0.0245989253221046,0.95,0.05,0.0805374828549039,0.0765106087121587,0.0766938913410565,0.0764253165005716,6198906.52639997,True
A2,2026-04-30,2026-05-04,266390,ETF_006,KODEX 경기소비재,12520.0,12330.0,1027.0,1019.0,-8.0,SELL,12858040.0,12757880.0,-100160.0,100160.0,587590.0,15.024,88.1385,121914859.66489998,121914771.52639996,122512266.52639996,0.0245989253221046,0.95,0.05,0.110248960091681,0.1047365120870969,0.1054673731761831,0.1046458918822429,6198906.52639997,True
A2,2026-04-30,2026-05-04,266410,ETF_007,KODEX 필수소비재,10325.0,10225.0,339.0,341.0,2.0,BUY,3500175.0,3520825.0,20650.0,20650.0,587590.0,3.0975,88.1385,121914859.66489998,121914771.52639996,122512266.52639996,0.0245989253221046,0.95,0.05,0.0304560945068962,0.0289332897815514,0.0287099949064512,0.0288793962857698,6198906.52639997,True
A2,2026-04-30,2026-05-04,266420,ETF_008,KODEX 헬스케어,21435.0,21135.0,300.0,301.0,1.0,BUY,6430500.0,6451935.0,21435.0,21435.0,587590.0,3.21525,88.1385,121914859.66489998,121914771.52639996,122512266.52639996,0.0245989253221046,0.95,0.05,0.0558892972039958,0.053094832343796,0.0527458262075281,0.0529216838880173,6198906.52639997,True
A2,2026-04-30,2026-05-04,315270,ETF_009,TIGER 200 커뮤니케이션서비스,23005.0,22610.0,170.0,169.0,-1.0,SELL,3910850.0,3887845.0,-23005.0,23005.0,587590.0,3.45075,88.1385,121914859.66489998,121914771.52639996,122512266.52639996,0.0245989253221046,0.95,0.05,0.0337249921085917,0.0320387425031621,0.0320785342389723,0.0318898600335572,6198906.52639997,True
A2,2026-04-30,2026-05-04,476800,ETF_010,KODEX 한국부동산리츠인프라,4855.0,4805.0,1558.0,1591.0,33.0,BUY,7564090.0,7724305.0,160215.0,160215.0,587590.0,24.03225,88.1385,121914859.66489998,121914771.52639996,122512266.52639996,0.0245989253221046,0.95,0.05,0.0667221707840551,0.0633860622448523,0.062044036475873,0.0633582370970309,6198906.52639997,True
